{
  "d_7_0": 0,
  "d_5_1": 1,
  "d_3_3": 1,
  "d_5_8": 0,
  "d_5_3": 0,
  "d_6_1": 0,
  "d_2_4": 1,
  "d_4_9": 1,
  "d_0_6": 1,
  "d_7_7": 1,
  "d_0_4": 1,
  "d_5_2": 0,
  "d_9_1": 1,
  "d_2_7": 1,
  "d_0_1": 1,
  "d_6_8": 1,
  "d_4_4": 1,
  "d_3_9": 0,
  "d_2_0": 1,
  "d_9_4": 1,
  "d_7_1": 1,
  "d_4_3": 1,
  "d_0_8": 0,
  "d_5_0": 1,
  "d_6_3": 1,
  "d_6_7": 1,
  "d_7_3": 1,
  "d_6_2": 1,
  "d_8_0": 0,
  "d_8_8": 1,
  "d_9_6": 1,
  "d_0_7": 1,
  "d_3_2": 1,
  "d_0_2": 1,
  "d_8_4": 1,
  "d_2_9": 1,
  "d_3_8": 1,
  "d_4_6": 1,
  "d_2_3": 1,
  "d_0_5": 1,
  "d_6_5": 1,
  "d_8_7": 1,
  "d_7_6": 1,
  "d_1_6": 0,
  "d_4_2": 1,
  "d_3_0": 1,
  "d_0_3": 1,
  "d_1_2": 1,
  "d_3_5": 1,
  "d_1_8": 0,
  "d_3_1": 1,
  "d_6_4": 1,
  "d_7_5": 1,
  "d_9_5": 1,
  "d_6_9": 1,
  "d_1_4": 0,
  "d_9_9": 1,
  "d_8_9": 1,
  "d_2_5": 1,
  "d_1_7": 0,
  "d_7_2": 1,
  "d_8_5": 1,
  "d_1_1": 1,
  "d_8_6": 1,
  "d_8_1": 1,
  "d_5_6": 0,
  "d_2_8": 1,
  "d_9_0": 1,
  "d_5_7": 0,
  "d_4_1": 1,
  "d_6_0": 0,
  "d_1_0": 1,
  "d_4_8": 0,
  "d_1_9": 0,
  "d_9_2": 1,
  "d_4_0": 1,
  "d_2_6": 1,
  "d_9_3": 1,
  "d_4_5": 1,
  "d_1_3": 0,
  "d_9_7": 1,
  "d_5_9": 0,
  "d_9_8": 1,
  "d_3_6": 1,
  "d_0_9": 0,
  "d_0_0": 0,
  "d_3_7": 1,
  "d_4_7": 1,
  "d_2_2": 1,
  "d_7_9": 0,
  "d_8_3": 1,
  "d_5_5": 0,
  "d_8_2": 1,
  "d_2_1": 0,
  "d_6_6": 1,
  "d_1_5": 0,
  "d_5_4": 0,
  "d_7_4": 1,
  "d_7_8": 1,
  "d_3_4": 1,
  "assert_violation": true,
  "error_mass_expectation": "1.4844805415900390625",
  "sigma_w_i": "0.0072145405880859375",
  "sum_of_k": "0.0155194584099609375",
  "expected_heads_9": "0.0000000576650390625",
  "sum_heads_9": "10",
  "path_prob_9": "0.00000000576650390625",
  "choice_9_9": "0.15",
  "choice_9_8": "0.15",
  "choice_9_7": "0.15",
  "choice_9_6": "0.15",
  "choice_9_5": "0.15",
  "choice_9_4": "0.15",
  "choice_9_3": "0.15",
  "choice_9_2": "0.15",
  "choice_9_1": "0.15",
  "choice_9_0": "0.15",
  "probability_9": "0.15",
  "expected_heads_8": "0.00000029409169921875",
  "sum_heads_8": "9",
  "path_prob_8": "0.00000003267685546875",
  "choice_8_9": "0.15",
  "choice_8_8": "0.15",
  "choice_8_7": "0.15",
  "choice_8_6": "0.15",
  "choice_8_5": "0.15",
  "choice_8_4": "0.15",
  "choice_8_3": "0.15",
  "choice_8_2": "0.15",
  "choice_8_1": "0.15",
  "choice_8_0": "0.85",
  "probability_8": "0.15",
  "expected_heads_7": "0.00000148135078125",
  "sum_heads_7": "8",
  "path_prob_7": "0.00000018516884765625",
  "choice_7_9": "0.85",
  "choice_7_8": "0.15",
  "choice_7_7": "0.15",
  "choice_7_6": "0.15",
  "choice_7_5": "0.15",
  "choice_7_4": "0.15",
  "choice_7_3": "0.15",
  "choice_7_2": "0.15",
  "choice_7_1": "0.15",
  "choice_7_0": "0.85",
  "probability_7": "0.15",
  "expected_heads_6": "0.00000148135078125",
  "sum_heads_6": "8",
  "path_prob_6": "0.00000018516884765625",
  "choice_6_9": "0.15",
  "choice_6_8": "0.15",
  "choice_6_7": "0.15",
  "choice_6_6": "0.15",
  "choice_6_5": "0.15",
  "choice_6_4": "0.15",
  "choice_6_3": "0.15",
  "choice_6_2": "0.15",
  "choice_6_1": "0.85",
  "choice_6_0": "0.85",
  "probability_6": "0.15",
  "expected_heads_5": "0.0122620736267578125",
  "sum_heads_5": "2",
  "path_prob_5": "0.00613103681337890625",
  "choice_5_9": "0.85",
  "choice_5_8": "0.85",
  "choice_5_7": "0.85",
  "choice_5_6": "0.85",
  "choice_5_5": "0.85",
  "choice_5_4": "0.85",
  "choice_5_3": "0.85",
  "choice_5_2": "0.85",
  "choice_5_1": "0.15",
  "choice_5_0": "0.15",
  "probability_5": "0.15",
  "expected_heads_4": "0.00000029409169921875",
  "sum_heads_4": "9",
  "path_prob_4": "0.00000003267685546875",
  "choice_4_9": "0.15",
  "choice_4_8": "0.85",
  "choice_4_7": "0.15",
  "choice_4_6": "0.15",
  "choice_4_5": "0.15",
  "choice_4_4": "0.15",
  "choice_4_3": "0.15",
  "choice_4_2": "0.15",
  "choice_4_1": "0.15",
  "choice_4_0": "0.15",
  "probability_4": "0.15",
  "expected_heads_3": "0.00000029409169921875",
  "sum_heads_3": "9",
  "path_prob_3": "0.00000003267685546875",
  "choice_3_9": "0.85",
  "choice_3_8": "0.15",
  "choice_3_7": "0.15",
  "choice_3_6": "0.15",
  "choice_3_5": "0.15",
  "choice_3_4": "0.15",
  "choice_3_3": "0.15",
  "choice_3_2": "0.15",
  "choice_3_1": "0.15",
  "choice_3_0": "0.15",
  "probability_3": "0.15",
  "expected_heads_2": "0.00000029409169921875",
  "sum_heads_2": "9",
  "path_prob_2": "0.00000003267685546875",
  "choice_2_9": "0.15",
  "choice_2_8": "0.15",
  "choice_2_7": "0.15",
  "choice_2_6": "0.15",
  "choice_2_5": "0.15",
  "choice_2_4": "0.15",
  "choice_2_3": "0.15",
  "choice_2_2": "0.15",
  "choice_2_1": "0.85",
  "choice_2_0": "0.15",
  "probability_2": "0.15",
  "expected_heads_1": "0.00324584301884765625",
  "sum_heads_1": "3",
  "path_prob_1": "0.00108194767294921875",
  "choice_1_9": "0.85",
  "choice_1_8": "0.85",
  "choice_1_7": "0.85",
  "choice_1_6": "0.85",
  "choice_1_5": "0.85",
  "choice_1_4": "0.85",
  "choice_1_3": "0.85",
  "choice_1_2": "0.15",
  "choice_1_1": "0.15",
  "choice_1_0": "0.15",
  "probability_1": "0.15",
  "expected_heads_0": "0.00000734503095703125",
  "sum_heads_0": "7",
  "path_prob_0": "0.00000104929013671875",
  "choice_0_9": "0.85",
  "choice_0_8": "0.85",
  "choice_0_7": "0.15",
  "choice_0_6": "0.15",
  "choice_0_5": "0.15",
  "choice_0_4": "0.15",
  "choice_0_3": "0.15",
  "choice_0_2": "0.15",
  "choice_0_1": "0.15",
  "choice_0_0": "0.85",
  "probability_0": "0.15"
}