{
  "d_7_0": 1,
  "d_14_1": 0,
  "d_12_1": 1,
  "d_14_8": 0,
  "d_7_2": 1,
  "d_5_1": 0,
  "d_12_8": 0,
  "d_11_7": 0,
  "d_3_3": 0,
  "d_11_3": 0,
  "d_5_8": 0,
  "d_10_9": 0,
  "d_5_3": 1,
  "d_12_9": 0,
  "d_13_5": 0,
  "d_14_5": 0,
  "d_14_7": 1,
  "d_3_5": 1,
  "d_2_4": 1,
  "d_4_9": 0,
  "d_10_8": 0,
  "d_0_6": 0,
  "d_7_7": 1,
  "d_0_4": 0,
  "d_5_2": 0,
  "d_9_1": 1,
  "d_2_7": 1,
  "d_0_1": 0,
  "d_15_8": 0,
  "d_6_8": 0,
  "d_15_9": 0,
  "d_4_4": 0,
  "d_3_9": 1,
  "d_2_0": 1,
  "d_9_4": 0,
  "d_7_1": 1,
  "d_4_3": 0,
  "d_0_8": 0,
  "d_5_0": 0,
  "d_6_3": 0,
  "d_6_7": 0,
  "d_7_3": 1,
  "d_6_2": 0,
  "d_8_0": 0,
  "d_8_8": 1,
  "d_9_6": 1,
  "d_0_7": 0,
  "d_3_2": 0,
  "d_12_2": 0,
  "d_12_3": 0,
  "d_14_0": 0,
  "d_8_4": 1,
  "d_2_9": 1,
  "d_3_8": 0,
  "d_13_7": 1,
  "d_11_9": 1,
  "d_4_6": 1,
  "d_2_3": 0,
  "d_0_5": 0,
  "d_6_5": 0,
  "d_8_7": 0,
  "d_7_6": 1,
  "d_1_6": 0,
  "d_4_2": 1,
  "d_15_1": 1,
  "d_3_0": 1,
  "d_0_3": 0,
  "d_1_2": 1,
  "d_13_1": 0,
  "d_15_3": 0,
  "d_6_1": 0,
  "d_10_6": 0,
  "d_13_9": 0,
  "d_13_2": 0,
  "d_1_8": 0,
  "d_14_9": 0,
  "d_3_1": 1,
  "d_6_4": 0,
  "d_7_5": 1,
  "d_10_3": 0,
  "d_9_5": 0,
  "d_6_9": 0,
  "d_12_4": 0,
  "d_15_2": 0,
  "d_1_4": 0,
  "d_9_9": 0,
  "d_8_9": 1,
  "d_2_5": 1,
  "d_10_5": 0,
  "d_11_5": 0,
  "d_1_7": 1,
  "d_12_5": 0,
  "d_1_1": 0,
  "d_8_6": 0,
  "d_8_1": 1,
  "d_5_6": 0,
  "d_11_0": 0,
  "d_11_1": 1,
  "d_11_6": 0,
  "d_12_6": 0,
  "d_8_5": 0,
  "d_4_8": 1,
  "d_2_8": 1,
  "d_9_0": 0,
  "d_11_2": 0,
  "d_11_8": 0,
  "d_5_7": 0,
  "d_4_1": 0,
  "d_6_0": 0,
  "d_1_0": 0,
  "d_14_3": 1,
  "d_1_5": 0,
  "d_13_8": 1,
  "d_1_9": 0,
  "d_10_4": 0,
  "d_5_4": 1,
  "d_15_0": 0,
  "d_9_2": 0,
  "d_4_0": 1,
  "d_2_2": 0,
  "d_2_6": 1,
  "d_9_3": 0,
  "d_4_5": 1,
  "d_11_4": 1,
  "d_1_3": 0,
  "d_13_4": 0,
  "d_13_0": 0,
  "d_9_7": 0,
  "d_15_5": 0,
  "d_5_9": 1,
  "d_15_6": 0,
  "d_9_8": 0,
  "d_10_1": 0,
  "d_3_6": 0,
  "d_0_9": 1,
  "d_14_2": 0,
  "d_0_0": 0,
  "d_3_7": 0,
  "d_12_7": 0,
  "d_4_7": 1,
  "d_15_4": 1,
  "d_12_0": 0,
  "d_7_9": 1,
  "d_14_6": 1,
  "d_8_3": 0,
  "d_15_7": 1,
  "d_10_0": 0,
  "d_5_5": 0,
  "d_8_2": 0,
  "d_14_4": 0,
  "d_10_2": 0,
  "d_13_3": 0,
  "d_2_1": 1,
  "d_6_6": 1,
  "d_7_4": 1,
  "d_7_8": 1,
  "d_3_4": 1,
  "d_13_6": 0,
  "d_10_7": 0,
  "d_0_2": 0,
  "assert_violated": 0,
  "error_mass_expectation": "1.8566979584",
  "sigma_w_i": "0.215300608",
  "sum_of_k": "0.1433020416",
  "expected_heads_15": "0.0050331648",
  "sum_heads_15": "3",
  "path_prob_15": "0.0016777216",
  "choice_15_9": "0.8",
  "choice_15_8": "0.8",
  "choice_15_7": "0.2",
  "choice_15_6": "0.8",
  "choice_15_5": "0.8",
  "choice_15_4": "0.2",
  "choice_15_3": "0.8",
  "choice_15_2": "0.8",
  "choice_15_1": "0.2",
  "choice_15_0": "0.8",
  "probability_15": "0.2",
  "expected_heads_14": "0.0050331648",
  "sum_heads_14": "3",
  "path_prob_14": "0.0016777216",
  "choice_14_9": "0.8",
  "choice_14_8": "0.8",
  "choice_14_7": "0.2",
  "choice_14_6": "0.2",
  "choice_14_5": "0.8",
  "choice_14_4": "0.8",
  "choice_14_3": "0.2",
  "choice_14_2": "0.8",
  "choice_14_1": "0.8",
  "choice_14_0": "0.8",
  "probability_14": "0.2",
  "expected_heads_13": "0.0134217728",
  "sum_heads_13": "2",
  "path_prob_13": "0.0067108864",
  "choice_13_9": "0.8",
  "choice_13_8": "0.2",
  "choice_13_7": "0.2",
  "choice_13_6": "0.8",
  "choice_13_5": "0.8",
  "choice_13_4": "0.8",
  "choice_13_3": "0.8",
  "choice_13_2": "0.8",
  "choice_13_1": "0.8",
  "choice_13_0": "0.8",
  "probability_13": "0.2",
  "expected_heads_12": "0.0268435456",
  "sum_heads_12": "1",
  "path_prob_12": "0.0268435456",
  "choice_12_9": "0.8",
  "choice_12_8": "0.8",
  "choice_12_7": "0.8",
  "choice_12_6": "0.8",
  "choice_12_5": "0.8",
  "choice_12_4": "0.8",
  "choice_12_3": "0.8",
  "choice_12_2": "0.8",
  "choice_12_1": "0.2",
  "choice_12_0": "0.8",
  "probability_12": "0.2",
  "expected_heads_11": "0.0050331648",
  "sum_heads_11": "3",
  "path_prob_11": "0.0016777216",
  "choice_11_9": "0.2",
  "choice_11_8": "0.8",
  "choice_11_7": "0.8",
  "choice_11_6": "0.8",
  "choice_11_5": "0.8",
  "choice_11_4": "0.2",
  "choice_11_3": "0.8",
  "choice_11_2": "0.8",
  "choice_11_1": "0.2",
  "choice_11_0": "0.8",
  "probability_11": "0.2",
  "expected_heads_10": "0",
  "sum_heads_10": "0",
  "path_prob_10": "0.1073741824",
  "choice_10_9": "0.8",
  "choice_10_8": "0.8",
  "choice_10_7": "0.8",
  "choice_10_6": "0.8",
  "choice_10_5": "0.8",
  "choice_10_4": "0.8",
  "choice_10_3": "0.8",
  "choice_10_2": "0.8",
  "choice_10_1": "0.8",
  "choice_10_0": "0.8",
  "probability_10": "0.2",
  "expected_heads_9": "0.0134217728",
  "sum_heads_9": "2",
  "path_prob_9": "0.0067108864",
  "choice_9_9": "0.8",
  "choice_9_8": "0.8",
  "choice_9_7": "0.8",
  "choice_9_6": "0.2",
  "choice_9_5": "0.8",
  "choice_9_4": "0.8",
  "choice_9_3": "0.8",
  "choice_9_2": "0.8",
  "choice_9_1": "0.2",
  "choice_9_0": "0.8",
  "probability_9": "0.2",
  "expected_heads_8": "0.0016777216",
  "sum_heads_8": "4",
  "path_prob_8": "0.0004194304",
  "choice_8_9": "0.2",
  "choice_8_8": "0.2",
  "choice_8_7": "0.8",
  "choice_8_6": "0.8",
  "choice_8_5": "0.8",
  "choice_8_4": "0.2",
  "choice_8_3": "0.8",
  "choice_8_2": "0.8",
  "choice_8_1": "0.2",
  "choice_8_0": "0.8",
  "probability_8": "0.2",
  "expected_heads_7": "0.000001024",
  "sum_heads_7": "10",
  "path_prob_7": "0.0000001024",
  "choice_7_9": "0.2",
  "choice_7_8": "0.2",
  "choice_7_7": "0.2",
  "choice_7_6": "0.2",
  "choice_7_5": "0.2",
  "choice_7_4": "0.2",
  "choice_7_3": "0.2",
  "choice_7_2": "0.2",
  "choice_7_1": "0.2",
  "choice_7_0": "0.2",
  "probability_7": "0.2",
  "expected_heads_6": "0.0268435456",
  "sum_heads_6": "1",
  "path_prob_6": "0.0268435456",
  "choice_6_9": "0.8",
  "choice_6_8": "0.8",
  "choice_6_7": "0.8",
  "choice_6_6": "0.2",
  "choice_6_5": "0.8",
  "choice_6_4": "0.8",
  "choice_6_3": "0.8",
  "choice_6_2": "0.8",
  "choice_6_1": "0.8",
  "choice_6_0": "0.8",
  "probability_6": "0.2",
  "expected_heads_5": "0.0050331648",
  "sum_heads_5": "3",
  "path_prob_5": "0.0016777216",
  "choice_5_9": "0.2",
  "choice_5_8": "0.8",
  "choice_5_7": "0.8",
  "choice_5_6": "0.8",
  "choice_5_5": "0.8",
  "choice_5_4": "0.2",
  "choice_5_3": "0.2",
  "choice_5_2": "0.8",
  "choice_5_1": "0.8",
  "choice_5_0": "0.8",
  "probability_5": "0.2",
  "expected_heads_4": "0.0001572864",
  "sum_heads_4": "6",
  "path_prob_4": "0.0000262144",
  "choice_4_9": "0.8",
  "choice_4_8": "0.2",
  "choice_4_7": "0.2",
  "choice_4_6": "0.2",
  "choice_4_5": "0.2",
  "choice_4_4": "0.8",
  "choice_4_3": "0.8",
  "choice_4_2": "0.2",
  "choice_4_1": "0.8",
  "choice_4_0": "0.2",
  "probability_4": "0.2",
  "expected_heads_3": "0.000524288",
  "sum_heads_3": "5",
  "path_prob_3": "0.0001048576",
  "choice_3_9": "0.2",
  "choice_3_8": "0.8",
  "choice_3_7": "0.8",
  "choice_3_6": "0.8",
  "choice_3_5": "0.2",
  "choice_3_4": "0.2",
  "choice_3_3": "0.8",
  "choice_3_2": "0.8",
  "choice_3_1": "0.2",
  "choice_3_0": "0.2",
  "probability_3": "0.2",
  "expected_heads_2": "0.0000131072",
  "sum_heads_2": "8",
  "path_prob_2": "0.0000016384",
  "choice_2_9": "0.2",
  "choice_2_8": "0.2",
  "choice_2_7": "0.2",
  "choice_2_6": "0.2",
  "choice_2_5": "0.2",
  "choice_2_4": "0.2",
  "choice_2_3": "0.8",
  "choice_2_2": "0.8",
  "choice_2_1": "0.2",
  "choice_2_0": "0.2",
  "probability_2": "0.2",
  "expected_heads_1": "0.0134217728",
  "sum_heads_1": "2",
  "path_prob_1": "0.0067108864",
  "choice_1_9": "0.8",
  "choice_1_8": "0.8",
  "choice_1_7": "0.2",
  "choice_1_6": "0.8",
  "choice_1_5": "0.8",
  "choice_1_4": "0.8",
  "choice_1_3": "0.8",
  "choice_1_2": "0.2",
  "choice_1_1": "0.8",
  "choice_1_0": "0.8",
  "probability_1": "0.2",
  "expected_heads_0": "0.0268435456",
  "sum_heads_0": "1",
  "path_prob_0": "0.0268435456",
  "choice_0_9": "0.2",
  "choice_0_8": "0.8",
  "choice_0_7": "0.8",
  "choice_0_6": "0.8",
  "choice_0_5": "0.8",
  "choice_0_4": "0.8",
  "choice_0_3": "0.8",